{"cameraMode":{"drawMode":0,"name":"Shaded","section":"Shading Mode"},"sceneLighting":true,"audioPlay":false,"sceneViewState":{"showFog":true,"showMaterialUpdate":true,"showSkybox":true,"showFlares":true,"showImageEffects":true,"showParticleSystems":true},"in2DMode":false,"pivot":{"x":5.122398376464844,"y":-17.784088134765626,"z":9.638303756713868},"rotation":{"x":-0.3554941713809967,"y":0.5244755148887634,"z":-0.2552938163280487,"w":-0.730324923992157},"size":45.56708526611328,"orthographic":false}