{"cameraMode":{"drawMode":0,"name":"Shaded","section":"Shading Mode"},"sceneLighting":false,"audioPlay":false,"sceneViewState":{"showFog":true,"showMaterialUpdate":false,"showSkybox":true,"showFlares":true,"showImageEffects":true,"showParticleSystems":true},"in2DMode":false,"pivot":{"x":-0.47353804111480715,"y":1.2268154621124268,"z":-0.0447271466255188},"rotation":{"x":-0.03363419324159622,"y":0.9656738638877869,"z":-0.19977626204490663,"w":-0.162580206990242},"size":3.0323636531829836,"orthographic":false}